#{"t_start": 1641847379.8687449, "env_id": "HalfCheetah-v2"}
r,l,t
-288.782425,1000,42.693097
-186.698247,1000,70.149677
-415.358496,1000,97.928003
