eval_qs,eval_discount_q,eval_abs_qs_difference,eval mean 100 episode reward,eval_returns,eval_eplenmean,eval_qs_difference,eval_ep_rewmean,total timesteps,eval_time_elapsed
-0.85594153,-23.935377762939456,18.642244,-222.1,-184.2054827353373,1000.0,18.63596586777373,-218.61509772727277,1,25
-0.8525955,-18.3062711615205,18.936495,-218.2,-198.26240198047392,1000.0,18.926965771558685,-215.91882154545453,1001,25
-0.84932494,-16.249877872944673,18.543554,-214.1,-236.7324286435344,1000.0,18.53478389874364,-209.9284669090909,2001,25
